{"lr": 5.1430057142857145e-05, "data_time": 0.007807207107543945, "loss": 3.8876168489456178, "time": 11.470858311653137, "iter": 10, "memory": 11742, "step": 10}
{"lr": 0.00010857234285714288, "data_time": 0.2087162733078003, "loss": 4.078636837005615, "time": 9.898261141777038, "iter": 20, "memory": 13744, "step": 20}
{"lr": 0.00016571462857142865, "data_time": 0.00876471996307373, "loss": 4.006625771522522, "time": 7.882631897926331, "iter": 30, "memory": 14790, "step": 30}
{"lr": 0.00019999672203791573, "data_time": 0.20855510234832764, "loss": 3.8509183883666993, "time": 6.592099690437317, "iter": 40, "memory": 14790, "step": 40}
{"lr": 0.0001999384531345305, "data_time": 0.20849881172180176, "loss": 3.9311907052993775, "time": 6.2655140399932865, "iter": 50, "memory": 14790, "step": 50}
{"lr": 0.00019980738948354584, "data_time": 0.008310866355895997, "loss": 3.5360069036483766, "time": 5.605697178840638, "iter": 60, "memory": 14790, "step": 60}
{"lr": 0.00019960362655117227, "data_time": 0.20877187252044677, "loss": 3.5522235155105593, "time": 5.580307841300964, "iter": 70, "memory": 14790, "step": 70}
{"lr": 0.00019932731275746994, "data_time": 0.008353900909423829, "loss": 3.4538172245025636, "time": 5.344810342788696, "iter": 80, "memory": 14790, "step": 80}
{"lr": 0.00019897864936824035, "data_time": 0.20853357315063475, "loss": 3.4926326990127565, "time": 5.746227335929871, "iter": 90, "memory": 14790, "step": 90}
{"lr": 0.00019855789034842514, "data_time": 0.20864486694335938, "loss": 3.382250690460205, "time": 5.251769018173218, "iter": 100, "memory": 14790, "step": 100}
{"lr": 0.00019806534217711906, "data_time": 0.00822460651397705, "loss": 3.2711253643035887, "time": 4.929081678390503, "iter": 110, "memory": 13595, "step": 110}
{"lr": 0.00019750136362433184, "data_time": 0.20885806083679198, "loss": 3.4114195585250853, "time": 6.640812492370605, "iter": 120, "memory": 14790, "step": 120}
{"lr": 0.0001968663654896619, "data_time": 0.20871188640594482, "loss": 3.2631263256073, "time": 5.636897373199463, "iter": 130, "memory": 14790, "step": 130}
{"lr": 0.0001961608103030712, "data_time": 0.008705902099609374, "loss": 3.232641315460205, "time": 5.4023786067962645, "iter": 140, "memory": 14790, "step": 140}
{"lr": 0.00019538521198798084, "data_time": 0.20830953121185303, "loss": 3.0594328165054323, "time": 5.998216605186462, "iter": 150, "memory": 14790, "step": 150}
{"lr": 0.0001945401354869311, "data_time": 0.008268618583679199, "loss": 2.9691665410995483, "time": 5.410650634765625, "iter": 160, "memory": 14790, "step": 160}
{"lr": 0.00019362619635007972, "data_time": 0.20872180461883544, "loss": 2.8337170124053954, "time": 6.074246454238891, "iter": 170, "memory": 14790, "step": 170}
{"lr": 0.0001926440602868379, "data_time": 0.20836930274963378, "loss": 2.8800370931625365, "time": 5.196046543121338, "iter": 180, "memory": 13595, "step": 180}
{"lr": 0.00019159444268097018, "data_time": 0.008181428909301758, "loss": 2.8434083700180053, "time": 5.870329666137695, "iter": 190, "memory": 14790, "step": 190}
{"lr": 0.00019047810806951216, "data_time": 0.20846822261810302, "loss": 2.654486298561096, "time": 5.649089717864991, "iter": 200, "memory": 14750, "step": 200}
{"lr": 0.0001892958695858847, "data_time": 15.265669107437134, "loss": 2.7069525957107543, "time": 25.981795024871825, "iter": 210, "memory": 14790, "step": 210}
{"lr": 0.00018804858836761107, "data_time": 0.010131454467773438, "loss": 2.6282714128494264, "time": 7.446462798118591, "iter": 220, "memory": 14790, "step": 220}
{"lr": 0.0001867371729290683, "data_time": 0.20862989425659179, "loss": 2.716572880744934, "time": 7.5081803560256954, "iter": 230, "memory": 14790, "step": 230}
{"lr": 0.0001853625784997285, "data_time": 0.008335685729980469, "loss": 2.5732850074768066, "time": 6.240460968017578, "iter": 240, "memory": 14790, "step": 240}
{"lr": 0.00018392580632837425, "data_time": 0.20867509841918946, "loss": 2.659147930145264, "time": 6.449621963500976, "iter": 250, "memory": 14790, "step": 250}
{"lr": 0.00018242790295379318, "data_time": 0.20856728553771972, "loss": 2.3764172434806823, "time": 6.697991991043091, "iter": 260, "memory": 14790, "step": 260}
{"lr": 0.00018086995944248323, "data_time": 0.008307147026062011, "loss": 2.394550311565399, "time": 6.873322892189026, "iter": 270, "memory": 14790, "step": 270}
{"lr": 0.00017925311059392476, "data_time": 0.20879545211791992, "loss": 2.353100371360779, "time": 7.231961607933044, "iter": 280, "memory": 14790, "step": 280}
{"lr": 0.00017757853411399718, "data_time": 0.2105945587158203, "loss": 2.3774580001831054, "time": 6.5889674663543705, "iter": 290, "memory": 14750, "step": 290}
{"lr": 0.00017584744975714304, "data_time": 0.008310556411743164, "loss": 2.2631243467330933, "time": 6.548417258262634, "iter": 300, "memory": 14790, "step": 300}
{"lr": 0.00017406111843790403, "data_time": 0.20889692306518554, "loss": 2.4804597020149233, "time": 6.705051422119141, "iter": 310, "memory": 14790, "step": 310}
{"lr": 0.00017222084131247607, "data_time": 0.008338618278503417, "loss": 2.2444721102714538, "time": 6.604389643669128, "iter": 320, "memory": 14790, "step": 320}
{"lr": 0.00017032795883095288, "data_time": 0.21033856868743897, "loss": 2.218318521976471, "time": 5.800860977172851, "iter": 330, "memory": 13595, "step": 330}
{"lr": 0.00016838384976094743, "data_time": 0.20928893089294434, "loss": 2.277239978313446, "time": 6.500173664093017, "iter": 340, "memory": 14790, "step": 340}
{"lr": 0.00016638993018330364, "data_time": 0.008534097671508789, "loss": 2.202736568450928, "time": 5.5764830112457275, "iter": 350, "memory": 14790, "step": 350}
{"lr": 0.00016434765246062905, "data_time": 0.2086097478866577, "loss": 2.1498395919799806, "time": 5.681779050827027, "iter": 360, "memory": 14750, "step": 360}
{"lr": 0.0001622585041794, "data_time": 0.20859858989715577, "loss": 1.959084975719452, "time": 6.084886288642883, "iter": 370, "memory": 14790, "step": 370}
{"lr": 0.00016012400706640997, "data_time": 0.009053349494934082, "loss": 2.085157263278961, "time": 5.870862364768982, "iter": 380, "memory": 14790, "step": 380}
{"lr": 0.00015794571588035006, "data_time": 0.21023762226104736, "loss": 1.9290019273757935, "time": 5.70594220161438, "iter": 390, "memory": 14790, "step": 390}
{"lr": 0.0001557252172793295, "data_time": 0.008304548263549805, "loss": 1.861213779449463, "time": 5.388908839225769, "iter": 400, "memory": 14790, "step": 400}
{"lr": 0.0001534641286651605, "data_time": 3.839359426498413, "loss": 1.7963284373283386, "time": 9.898021721839905, "iter": 410, "memory": 14790, "step": 410}
{"lr": 0.0001511640970052495, "data_time": 0.20950582027435302, "loss": 1.727692222595215, "time": 6.824682593345642, "iter": 420, "memory": 14790, "step": 420}
{"lr": 0.00014882679763295322, "data_time": 0.01109170913696289, "loss": 1.5914742708206178, "time": 6.460699534416198, "iter": 430, "memory": 14790, "step": 430}
{"lr": 0.0001464539330272728, "data_time": 0.20857388973236085, "loss": 1.3391625463962555, "time": 5.697119331359863, "iter": 440, "memory": 13744, "step": 440}
{"lr": 0.0001440472315727754, "data_time": 0.20907986164093018, "loss": 1.6608643770217895, "time": 6.5490837574005125, "iter": 450, "memory": 14790, "step": 450}
{"lr": 0.000141608446300646, "data_time": 0.00920398235321045, "loss": 1.2744922816753388, "time": 6.053021121025085, "iter": 460, "memory": 14790, "step": 460}
{"lr": 0.00013913935361178705, "data_time": 0.2088108777999878, "loss": 1.3235659778118134, "time": 6.031961822509766, "iter": 470, "memory": 14790, "step": 470}
{"lr": 0.0001366417519828954, "data_time": 0.008459925651550293, "loss": 1.12463122010231, "time": 5.464190864562989, "iter": 480, "memory": 14750, "step": 480}
{"lr": 0.0001341174606564596, "data_time": 0.2085270643234253, "loss": 0.9980203330516815, "time": 5.742868113517761, "iter": 490, "memory": 14790, "step": 490}
{"lr": 0.00013156831831563127,