{"lr": 4.000159999999999e-05, "data_time": 0.007170379161834717, "loss": 3.651367336511612, "time": 10.89816352725029, "iter": 8, "memory": 13591, "step": 8}
{"lr": 5.1430057142857145e-05, "data_time": 0.2083517789840698, "loss": 3.6375033140182493, "time": 10.34912121295929, "iter": 10, "memory": 11337, "step": 10}
{"lr": 0.00010857234285714288, "data_time": 0.20798180103302003, "loss": 3.732107162475586, "time": 7.652647185325622, "iter": 20, "memory": 14435, "step": 20}
{"lr": 0.00016571462857142865, "data_time": 0.2079988718032837, "loss": 3.5903175115585326, "time": 7.4203965902328495, "iter": 30, "memory": 14790, "step": 30}
{"lr": 0.00019999672203791573, "data_time": 0.2077307939529419, "loss": 3.565352511405945, "time": 6.752290797233582, "iter": 40, "memory": 14790, "step": 40}
{"lr": 0.0001999384531345305, "data_time": 0.40871481895446776, "loss": 3.472237801551819, "time": 7.008477997779846, "iter": 50, "memory": 14790, "step": 50}
{"lr": 0.00019980738948354584, "data_time": 0.2085660219192505, "loss": 3.3532671451568605, "time": 6.257929420471191, "iter": 60, "memory": 14790, "step": 60}
{"lr": 0.00019960362655117227, "data_time": 0.2084263801574707, "loss": 3.1862149000167848, "time": 6.42265887260437, "iter": 70, "memory": 14790, "step": 70}
{"lr": 0.00019932731275746994, "data_time": 0.20848555564880372, "loss": 3.2376140356063843, "time": 6.061119604110718, "iter": 80, "memory": 14790, "step": 80}
{"lr": 0.00019897864936824035, "data_time": 0.4091834545135498, "loss": 3.1340696573257447, "time": 6.815000915527344, "iter": 90, "memory": 14790, "step": 90}
{"lr": 0.00019855789034842514, "data_time": 0.20790579319000244, "loss": 3.107909917831421, "time": 6.34489631652832, "iter": 100, "memory": 14790, "step": 100}
{"lr": 0.00019806534217711906, "data_time": 0.2084723472595215, "loss": 3.001615810394287, "time": 6.031782603263855, "iter": 110, "memory": 14790, "step": 110}
{"lr": 0.00019750136362433184, "data_time": 0.20880939960479736, "loss": 3.1294317722320555, "time": 5.9651236772537235, "iter": 120, "memory": 14790, "step": 120}
{"lr": 0.0001968663654896619, "data_time": 0.40838232040405276, "loss": 3.0643434524536133, "time": 6.487017488479614, "iter": 130, "memory": 14790, "step": 130}
{"lr": 0.0001961608103030712, "data_time": 0.20966851711273193, "loss": 2.7536798119544983, "time": 6.018599820137024, "iter": 140, "memory": 14790, "step": 140}
{"lr": 0.00019538521198798084, "data_time": 0.2079242944717407, "loss": 2.710803580284119, "time": 6.035615944862366, "iter": 150, "memory": 14790, "step": 150}
{"lr": 0.0001945401354869311, "data_time": 0.20791730880737305, "loss": 2.5998849749565123, "time": 6.149304986000061, "iter": 160, "memory": 14790, "step": 160}
{"lr": 0.00019362619635007972, "data_time": 0.408067512512207, "loss": 2.4636319637298585, "time": 6.398253297805786, "iter": 170, "memory": 14790, "step": 170}
{"lr": 0.0001926440602868379, "data_time": 0.20805039405822753, "loss": 2.297560226917267, "time": 6.970689797401429, "iter": 180, "memory": 14790, "step": 180}
{"lr": 0.00019159444268097018, "data_time": 0.20756070613861083, "loss": 2.375141417980194, "time": 5.564693903923034, "iter": 190, "memory": 14790, "step": 190}
{"lr": 0.00019047810806951216, "data_time": 0.2078263521194458, "loss": 2.3565953969955444, "time": 6.442282795906067, "iter": 200, "memory": 14790, "step": 200}
{"lr": 0.0001892958695858847, "data_time": 23.987764835357666, "loss": 2.4535845041275026, "time": 35.27227778434754, "iter": 210, "memory": 14790, "step": 210}
{"lr": 0.00018804858836761107, "data_time": 0.20770399570465087, "loss": 2.5000211358070374, "time": 7.25589120388031, "iter": 220, "memory": 14790, "step": 220}
{"lr": 0.0001867371729290683, "data_time": 0.20834524631500245, "loss": 2.29945250749588, "time": 7.138406872749329, "iter": 230, "memory": 14790, "step": 230}
{"lr": 0.0001853625784997285, "data_time": 0.20766925811767578, "loss": 2.140961253643036, "time": 6.655086851119995, "iter": 240, "memory": 14790, "step": 240}
{"lr": 0.00018392580632837425, "data_time": 0.40799400806427, "loss": 2.1092035472393036, "time": 6.972518491744995, "iter": 250, "memory": 14790, "step": 250}
{"lr": 0.00018242790295379318, "data_time": 0.20794012546539306, "loss": 2.205407905578613, "time": 6.2428985118865965, "iter": 260, "memory": 14790, "step": 260}
{"lr": 0.00018086995944248323, "data_time": 0.20773692131042482, "loss": 2.1858679056167603, "time": 6.129285001754761, "iter": 270, "memory": 14790, "step": 270}
{"lr": 0.00017925311059392476, "data_time": 0.20837891101837158, "loss": 2.15266489982605, "time": 6.707165241241455, "iter": 280, "memory": 14790, "step": 280}
{"lr": 0.00017757853411399718, "data_time": 0.4096553087234497, "loss": 1.8758190274238586, "time": 6.402497005462647, "iter": 290, "memory": 14790, "step": 290}
{"lr": 0.00017584744975714304, "data_time": 0.2095665454864502, "loss": 1.8924558401107787, "time": 7.015903973579407, "iter": 300, "memory": 14790, "step": 300}
{"lr": 0.00017406111843790403, "data_time": 0.21019539833068848, "loss": 1.9967873394489288, "time": 6.235938096046448, "iter": 310, "memory": 14790, "step": 310}
{"lr": 0.00017222084131247607, "data_time": 0.20762331485748292, "loss": 1.7244541704654694, "time": 6.357180380821228, "iter": 320, "memory": 14790, "step": 320}
{"lr": 0.00017032795883095288, "data_time": 0.40858495235443115, "loss": 1.7664167761802674, "time": 6.459292721748352, "iter": 330, "memory": 14790, "step": 330}
{"lr": 0.00016838384976094743, "data_time": 0.20808990001678468, "loss": 1.8803851425647735, "time": 6.564812207221985, "iter": 340, "memory": 14790, "step": 340}
{"lr": 0.00016638993018330364, "data_time": 0.20732927322387695, "loss": 1.3461589217185974, "time": 6.120350503921509, "iter": 350, "memory": 14790, "step": 350}
{"lr": 0.00016434765246062905, "data_time": 0.20791516304016114, "loss": 1.635334461927414, "time": 6.534174466133118, "iter": 360, "memory": 14790, "step": 360}
{"lr": 0.0001622585041794, "data_time": 0.4083396434783936, "loss": 1.5113045156002045, "time": 6.649596357345581, "iter": 370, "memory": 14790, "step": 370}
{"lr": 0.00016012400706640997, "data_time": 0.20768461227416993, "loss": 1.4216799229383468, "time": 5.946925139427185, "iter": 380, "memory": 14790, "step": 380}
{"lr": 0.00015794571588035006, "data_time": 0.20773797035217284, "loss": 1.2063212022185326, "time": 6.552664947509766, "iter": 390, "memory": 14790, "step": 390}
{"lr": 0.0001557252172793295, "data_time": 0.20784602165222169, "loss": 1.3130328893661498, "time": 6.575186681747437, "iter": 400, "memory": 14790, "step": 400}
{"lr": 0.0001534641286651605, "data_time": 2.5655385971069338, "loss": 1.2456660598516465, "time": 9.815469908714295, "iter": 410, "memory": 14790, "step": 410}
{"lr": 0.0001511640970052495, "data_time": 0.20801911354064942, "loss": 0.7969026386737823, "time": 5.896167159080505, "iter": 420, "memory": 14790, "step": 420}
{"lr": 0.00014882679763295322, "data_time": 0.20888166427612304, "loss": 1.1443667098879815, "time": 6.790121936798096, "iter": 430, "memory": 14790, "step": 430}
{"lr": 0.0001464539330272728, "data_time": 0.2090744972229004, "loss": 0.8032309494912624, "time": 6.280183434486389, "iter": 440, "memory": 14790, "step": 440}
{"lr": 0.0001440472315727754, "data_time": 0.40828893184661863, "loss": 0.909637275710702, "time": 6.9164231300354, "iter": 450, "memory": 14790, "step": 450}
{"lr": 0.000141608446300646, "data_time": 0.20799577236175537, "loss": 0.5777599830180407, "time": 6.126046895980835, "iter": 460, "memory": 14790, "step": 460}
{"lr": 0.00013913935361178705, "data_time": 0.20777196884155275, "loss": 0.6497750109061599, "time": 6.414330959320068, "iter": 470, "memory": 14790, "step": 470}
{"lr": 0.0001366417519828954, "data_time": 0.2080138921737671, "loss": 0.7052242048084736, "time": 6.226612401008606, "iter": 480, "memory": 14790, "step": 480}
{"lr": 0.0001341174606564596, "data_time": 0.4086585283279419, "loss": 0.47856691915076227,